,Video_ID
0,ZlT5fRMG4mU
1,ZusjGkucX0E
2,ktlatjB_M
3,WAly3INavM
4,QHltQlwTL3E
5,xong5K4om2U
6,JDdxpXfmWV8
7,HiG8S0qCsr0
8,ATWjsT9
9,Br3hv1-DA70
10,HhS_EwJI5B4
11,Ftq-S7mDyyQ
12,QqvNjK2D
13,7wlNcLLgcDE
14,-47q4Zx2cH
16,QK3lObKMIDM
18,0Rg7y0bqoRE
19,XFTL-dRkOL
20,_aIdk5OhT
21,OJx-B8HCo8
22,MwdgIQl2N8
23,zytcIUt8
24,84WKXblQ3R
25,BNcAduikT94
26,05VkD0lLmAQ
27,xAvZ9nWHuLA
28,Ti9ikMU32BY
29,Oqyf1xOEcLk
30,lBcm42g0YuU
31,7p2CWgKsryM
32,dB4GHCFA24
33,AVwg9xhNzx0
34,zELJMIQ
35,nbJfGAlaJG
36,dY1Q-xwJ5
37,1vOn8rQ5LE
38,J1tspdkW4dI
39,RQNk59dbUK
40,NccB_HQm1NE
41,Tsg5kxoslV
42,OYug7WnYx
44,LSoi5VQQviI
46,VHCQ3cM02DQ
47,ZvsqBCvB00
48,3-H1VWhlmLM
49,WvDH-IwxGAI
50,jS7B4e79HGQ
51,jmWHn46apK
52,OtQdRNY22UM
53,NJawERj4He4
54,3iwNBuOL1q
55,QhyW5xZmi-0
56,AqhqwtPXEQQ
57,5jlkPjJEA4
58,2V7134uxGEY
59,2FvutngKS8M
60,XQIq7FOx-d4
61,zcUXWbtBQHQ
62,RaQZYsDEBA0
63,HBSZYWR5qTY
64,L-b5GAsIM-4
65,CShjuAncKM
68,d2F8tHG7H94
69,ZN19TAsb-j8
70,8CG8aI4XCG
71,SWjfQhGbXnA
